2018/4/30,自營商,0,0,1347624,1347624
2018/5/2,自營商,0,0,3164048,3164048
2018/5/3,自營商,0,0,-2578743,-2578743
2018/5/4,自營商,0,0,2531520,2531520
2018/5/7,自營商,0,0,3394027,3394027
2018/5/8,自營商,0,0,1717234,1717234
2018/5/9,自營商,0,0,1268148,1268148
2018/5/10,自營商,0,0,4252378,4252378
2018/5/11,自營商,0,0,-5306346,-5306346
2018/5/14,自營商,0,0,4517308,4517308
2018/5/15,自營商,0,0,-2261642,-2261642
2018/5/16,自營商,0,0,-702146,-702146
2018/5/17,自營商,0,0,-670480,-670480
2018/5/18,自營商,0,0,-2700382,-2700382
2018/5/21,自營商,0,0,3239558,3239558
2018/5/22,自營商,0,0,4761833,4761833
2018/5/23,自營商,0,0,-5695246,-5695246
2018/5/24,自營商,0,0,5161734,5161734
2018/5/25,自營商,0,0,-3132535,-3132535
2018/5/28,自營商,0,0,4353172,4353172
2018/5/29,自營商,0,0,2986891,2986891
2018/5/30,自營商,0,0,-11247882,-11247882
2018/5/31,自營商,0,0,1595343,1595343
2018/6/1,自營商,0,0,1529116,1529116
2018/6/4,自營商,0,0,2987694,2987694
2018/6/5,自營商,0,0,-357536,-357536
2018/6/6,自營商,0,0,-5501215,-5501215
2018/6/7,自營商,0,0,2407961,2407961
2018/6/8,自營商,0,0,-1750318,-1750318
2018/6/11,自營商,0,0,-3669038,-3669038
2018/6/12,自營商,0,0,519932,519932
2018/6/13,自營商,0,0,2833271,2833271
2018/6/14,自營商,0,0,-4261775,-4261775
2018/6/15,自營商,0,0,-1004762,-1004762
2018/6/19,自營商,0,0,5501449,5501449
2018/6/20,自營商,0,0,-14692807,-14692807
2018/6/21,自營商,0,0,1267889,1267889
2018/6/22,自營商,0,0,-7096854,-7096854
2018/6/25,自營商,0,0,4726877,4726877
2018/6/26,自營商,0,0,115387,115387
2018/6/27,自營商,0,0,2812407,2812407
2018/6/28,自營商,0,0,-3503230,-3503230
2018/6/29,自營商,0,0,2695668,2695668
2018/7/2,自營商,0,0,3530962,3530962
2018/7/3,自營商,0,0,2449736,2449736
2018/7/4,自營商,0,0,3068,3068
2018/7/5,自營商,0,0,-2376025,-2376025
2018/7/6,自營商,0,0,1605820,1605820
2018/7/9,自營商,0,0,-1296411,-1296411
2018/7/10,自營商,0,0,2506332,2506332
2018/7/11,自營商,0,0,1447819,1447819
2018/7/12,自營商,0,0,-1659726,-1659726
2018/7/13,自營商,0,0,3406383,3406383
2018/7/16,自營商,0,0,970801,970801
2018/7/17,自營商,0,0,-6617806,-6617806
2018/7/18,自營商,0,0,-9119924,-9119924
2018/7/19,自營商,0,0,1100070,1100070
2018/7/20,自營商,0,0,651894,651894
2018/7/23,自營商,0,0,4379246,4379246
2018/7/24,自營商,0,0,3755000,3755000
2018/7/25,自營商,0,0,-1934356,-1934356
2018/7/26,自營商,0,0,225760,225760
2018/7/27,自營商,0,0,-4081790,-4081790
2018/7/30,自營商,0,0,-139640,-139640
2018/7/31,自營商,0,0,-908939,-908939
2018/8/1,自營商,0,0,-76173,-76173
2018/8/2,自營商,0,0,216288,216288
2018/8/3,自營商,0,0,-2071526,-2071526
2018/8/6,自營商,0,0,1733041,1733041
2018/8/7,自營商,0,0,-2455992,-2455992
2018/8/8,自營商,0,0,-1523952,-1523952
2018/8/9,自營商,0,0,3170243,3170243
2018/8/10,自營商,0,0,459699,459699
2018/8/13,自營商,0,0,-3517092,-3517092
2018/8/14,自營商,0,0,-27936,-27936
2018/8/15,自營商,0,0,-5230197,-5230197
2018/8/16,自營商,0,0,-5248698,-5248698
2018/8/17,自營商,0,0,4752188,4752188
2018/8/20,自營商,0,0,-3149555,-3149555
2018/8/21,自營商,0,0,1743958,1743958
2018/8/22,自營商,0,0,6453388,6453388
2018/8/23,自營商,0,0,3757621,3757621
2018/8/24,自營商,0,0,1138302,1138302
2018/8/27,自營商,0,0,-2558417,-2558417
2018/8/28,自營商,0,0,1964365,1964365
2018/8/29,自營商,0,0,1388321,1388321
2018/8/30,自營商,0,0,2631154,2631154
2018/8/31,自營商,0,0,2533828,2533828
2018/9/3,自營商,0,0,-4476743,-4476743
2018/9/4,自營商,0,0,-10269,-10269
2018/9/5,自營商,0,0,-1603915,-1603915
2018/9/6,自營商,0,0,-1745500,-1745500
2018/9/7,自營商,0,0,-2660695,-2660695
2018/9/10,自營商,0,0,-2274314,-2274314
2018/9/11,自營商,0,0,2027004,2027004
2018/9/12,自營商,0,0,815696,815696
2018/9/13,自營商,0,0,2939663,2939663
2018/9/14,自營商,0,0,3077990,3077990
2018/9/17,自營商,0,0,2823640,2823640
2018/9/18,自營商,0,0,-8132308,-8132308
2018/9/19,自營商,0,0,-4411501,-4411501
2018/9/20,自營商,0,0,-994995,-994995
2018/9/21,自營商,0,0,5381495,5381495
2018/9/25,自營商,0,0,536049,536049
2018/9/26,自營商,0,0,708035,708035
2018/9/27,自營商,0,0,756140,756140
2018/9/28,自營商,0,0,446617,446617
2018/10/1,自營商,0,0,2368817,2368817
2018/10/2,自營商,0,0,-4259736,-4259736
2018/10/3,自營商,0,0,-6674676,-6674676
2018/10/4,自營商,0,0,4040473,4040473
2018/10/5,自營商,0,0,701590,701590
2018/10/8,自營商,0,0,-6620,-6620
2018/10/9,自營商,0,0,463376,463376
2018/10/11,自營商,0,0,11294925,11294925
2018/10/12,自營商,0,0,240261,240261
2018/10/15,自營商,0,0,-2339687,-2339687
2018/10/16,自營商,0,0,855577,855577
2018/10/17,自營商,0,0,1050895,1050895
2018/10/18,自營商,0,0,-1044759,-1044759
2018/10/19,自營商,0,0,971563,971563
2018/10/22,自營商,0,0,2678041,2678041
2018/10/23,自營商,0,0,-446408,-446408
2018/10/24,自營商,0,0,-3127572,-3127572
2018/10/25,自營商,0,0,-1003439,-1003439
2018/10/26,自營商,0,0,3126846,3126846
2018/10/29,自營商,0,0,-863239,-863239
2018/10/30,自營商,0,0,-950559,-950559
2018/10/31,自營商,0,0,1285616,1285616
2018/11/1,自營商,0,0,1967179,1967179
2018/11/2,自營商,0,0,-1141834,-1141834
2018/11/5,自營商,0,0,4050449,4050449
2018/11/6,自營商,0,0,-289952,-289952
2018/11/7,自營商,0,0,-1721118,-1721118
2018/11/8,自營商,0,0,4680005,4680005
2018/11/9,自營商,0,0,-379853,-379853
2018/11/12,自營商,0,0,-4286943,-4286943
2018/11/13,自營商,0,0,727621,727621
2018/11/14,自營商,0,0,1553987,1553987
2018/11/15,自營商,0,0,716333,716333
2018/11/16,自營商,0,0,-740206,-740206
2018/11/19,自營商,0,0,-1287755,-1287755
2018/11/20,自營商,0,0,-142921,-142921
2018/11/21,自營商,0,0,-1644875,-1644875
2018/11/22,自營商,0,0,638133,638133
2018/11/23,自營商,0,0,-3201653,-3201653
2018/11/26,自營商,0,0,1285449,1285449
2018/11/27,自營商,0,0,7620713,7620713
2018/11/28,自營商,0,0,-3633418,-3633418
2018/11/29,自營商,0,0,-2893385,-2893385
2018/11/30,自營商,0,0,3322905,3322905
2018/12/3,自營商,0,0,-3476802,-3476802
2018/12/4,自營商,0,0,4026936,4026936
2018/12/5,自營商,0,0,-4428577,-4428577
2018/12/6,自營商,0,0,236741,236741
2018/12/7,自營商,0,0,-217843,-217843
2018/12/10,自營商,0,0,-3029697,-3029697
2018/12/11,自營商,0,0,3416404,3416404
2018/12/12,自營商,0,0,1244316,1244316
2018/12/13,自營商,0,0,-55108,-55108
2018/12/14,自營商,0,0,1322444,1322444
2018/12/17,自營商,0,0,-4584994,-4584994
2018/12/18,自營商,0,0,907087,907087
2018/12/19,自營商,0,0,-1627880,-1627880
2018/12/20,自營商,0,0,-115498,-115498
2018/12/21,自營商,0,0,1972108,1972108
2018/12/22,自營商,0,0,33230,33230
2018/12/24,自營商,0,0,-303343,-303343
2018/12/25,自營商,0,0,3517019,3517019
2018/12/26,自營商,0,0,-3572319,-3572319
2018/12/27,自營商,0,0,-1126665,-1126665
2018/12/28,自營商,0,0,-905575,-905575
2019/1/2,自營商,0,0,4396034,4396034
2019/1/3,自營商,0,0,956677,956677
2019/1/4,自營商,0,0,-1602400,-1602400
2019/1/7,自營商,0,0,2030804,2030804
2019/1/8,自營商,0,0,-3667090,-3667090
2019/1/9,自營商,0,0,2873392,2873392
2019/1/10,自營商,0,0,-1958185,-1958185
2019/1/11,自營商,0,0,-3444359,-3444359
2019/1/14,自營商,0,0,3874605,3874605
2019/1/15,自營商,0,0,-4853945,-4853945
2019/1/16,自營商,0,0,359735,359735
2019/1/17,自營商,0,0,-2502821,-2502821
2019/1/18,自營商,0,0,2328130,2328130
2019/1/21,自營商,0,0,-474462,-474462
2019/1/22,自營商,0,0,2536139,2536139
2019/1/23,自營商,0,0,624598,624598
2019/1/24,自營商,0,0,2410485,2410485
2019/1/25,自營商,0,0,-5898862,-5898862
2019/1/28,自營商,0,0,734847,734847
2019/1/29,自營商,0,0,3725498,3725498
2019/1/30,自營商,0,0,-1628086,-1628086
2019/2/11,自營商,0,0,229400,229400
2019/2/12,自營商,0,0,2834725,2834725
2019/2/13,自營商,0,0,4212509,4212509
2019/2/14,自營商,0,0,-3691279,-3691279
2019/2/15,自營商,0,0,-1177222,-1177222
2019/2/18,自營商,0,0,-555989,-555989
2019/2/19,自營商,0,0,4157995,4157995
2019/2/20,自營商,0,0,-8824892,-8824892
2019/2/21,自營商,0,0,2295611,2295611
2019/2/22,自營商,0,0,3107852,3107852
2019/2/25,自營商,0,0,-1200748,-1200748
2019/2/26,自營商,0,0,1742049,1742049
2019/2/27,自營商,0,0,-2018548,-2018548
2019/3/4,自營商,0,0,4490046,4490046
2019/3/5,自營商,0,0,-1467099,-1467099
2019/3/6,自營商,0,0,-2702580,-2702580
2019/3/7,自營商,0,0,-2064407,-2064407
2019/3/8,自營商,0,0,-1094237,-1094237
2019/3/11,自營商,0,0,1617401,1617401
2019/3/12,自營商,0,0,718588,718588
2019/3/13,自營商,0,0,4990216,4990216
2019/3/14,自營商,0,0,1743766,1743766
2019/3/15,自營商,0,0,-2967497,-2967497
2019/3/18,自營商,0,0,7323453,7323453
2019/3/19,自營商,0,0,-704424,-704424
2019/3/20,自營商,0,0,-6422456,-6422456
2019/3/21,自營商,0,0,-618743,-618743
2019/3/22,自營商,0,0,3834099,3834099
2019/3/25,自營商,0,0,-7311682,-7311682
2019/3/26,自營商,0,0,459055,459055
2019/3/27,自營商,0,0,2273629,2273629
2019/3/28,自營商,0,0,-1002162,-1002162
2019/3/29,自營商,0,0,6368789,6368789
2019/4/1,自營商,0,0,-3324336,-3324336
2019/4/2,自營商,0,0,-959223,-959223
2019/4/3,自營商,0,0,1007049,1007049
2019/4/8,自營商,0,0,-5114949,-5114949
2019/4/9,自營商,0,0,1645173,1645173
2019/4/10,自營商,0,0,684422,684422
2019/4/11,自營商,0,0,2210306,2210306
2019/4/12,自營商,0,0,-2657936,-2657936
2019/4/15,自營商,0,0,2450431,2450431
2019/4/16,自營商,0,0,5284222,5284222
2019/4/17,自營商,0,0,-9345506,-9345506
2019/4/18,自營商,0,0,70850,70850
2019/4/19,自營商,0,0,-2398382,-2398382
2019/4/22,自營商,0,0,2469493,2469493
2019/4/23,自營商,0,0,-493158,-493158
2019/4/24,自營商,0,0,5528585,5528585
2019/4/25,自營商,0,0,-5382198,-5382198
2019/4/26,自營商,0,0,278463,278463
2019/4/29,自營商,0,0,-802687,-802687
2019/4/30,自營商,0,0,6560555,6560555
2019/5/2,自營商,0,0,-2248622,-2248622
2019/5/3,自營商,0,0,4012995,4012995
2019/5/6,自營商,0,0,-64702,-64702
2019/5/7,自營商,0,0,-4554599,-4554599
2019/5/8,自營商,0,0,-1839721,-1839721
2019/5/9,自營商,0,0,2361923,2361923
2019/5/10,自營商,0,0,-3510713,-3510713
2019/5/13,自營商,0,0,-5481743,-5481743
2019/5/14,自營商,0,0,-3894276,-3894276
2019/5/15,自營商,0,0,10790134,10790134
2019/5/16,自營商,0,0,-6734317,-6734317
2019/5/17,自營商,0,0,-4751914,-4751914
2019/5/20,自營商,0,0,-3582342,-3582342
2019/5/21,自營商,0,0,1399080,1399080
2019/5/22,自營商,0,0,7247485,7247485
2019/5/23,自營商,0,0,1545537,1545537
2019/5/24,自營商,0,0,-3637707,-3637707
2019/5/27,自營商,0,0,5535793,5535793
2019/5/28,自營商,0,0,6749,6749
2019/5/29,自營商,0,0,-835221,-835221
2019/5/30,自營商,0,0,-344103,-344103
2019/5/31,自營商,0,0,7467088,7467088
2019/6/3,自營商,0,0,828210,828210
2019/6/4,自營商,0,0,-57701,-57701
2019/6/5,自營商,0,0,-956687,-956687
2019/6/6,自營商,0,0,2145670,2145670
2019/6/10,自營商,0,0,-1079192,-1079192
2019/6/11,自營商,0,0,2517201,2517201
2019/6/12,自營商,0,0,492063,492063
2019/6/13,自營商,0,0,2386373,2386373
2019/6/14,自營商,0,0,-1837305,-1837305
2019/6/17,自營商,0,0,-6281850,-6281850
2019/6/18,自營商,0,0,-482938,-482938
2019/6/19,自營商,0,0,-17190223,-17190223
2019/6/20,自營商,0,0,-886641,-886641
2019/6/21,自營商,0,0,-2334497,-2334497
2019/6/24,自營商,0,0,2383547,2383547
2019/6/25,自營商,0,0,-3786196,-3786196
2019/6/26,自營商,0,0,2580763,2580763
2019/6/27,自營商,0,0,7927479,7927479
2019/6/28,自營商,0,0,-1724409,-1724409
2019/7/1,自營商,0,0,44789,44789
2019/7/2,自營商,0,0,-897790,-897790
2019/7/3,自營商,0,0,-1428944,-1428944
2019/7/4,自營商,0,0,1458571,1458571
2019/7/5,自營商,0,0,-1359110,-1359110
2019/7/8,自營商,0,0,490076,490076
2019/7/9,自營商,0,0,-2243728,-2243728
2019/7/10,自營商,0,0,1682643,1682643
2019/7/11,自營商,0,0,1747652,1747652
2019/7/12,自營商,0,0,1940092,1940092
2019/7/15,自營商,0,0,2145714,2145714
2019/7/16,自營商,0,0,1415316,1415316
2019/7/17,自營商,0,0,-10756819,-10756819
2019/7/18,自營商,0,0,-1706851,-1706851
2019/7/19,自營商,0,0,-1233547,-1233547
2019/7/22,自營商,0,0,5892974,5892974
2019/7/23,自營商,0,0,86439,86439
2019/7/24,自營商,0,0,-1500578,-1500578
2019/7/25,自營商,0,0,5667404,5667404
2019/7/26,自營商,0,0,-1640497,-1640497
2019/7/29,自營商,0,0,156306,156306
2019/7/30,自營商,0,0,-5853545,-5853545
2019/7/31,自營商,0,0,3207470,3207470
2019/8/1,自營商,0,0,1667678,1667678
2019/8/2,自營商,0,0,1281824,1281824
2019/8/5,自營商,0,0,-4007278,-4007278
2019/8/6,自營商,0,0,4709990,4709990
2019/8/7,自營商,0,0,1261522,1261522
2019/8/8,自營商,0,0,1309702,1309702
2019/8/12,自營商,0,0,-1167644,-1167644
2019/8/13,自營商,0,0,-5813871,-5813871
2019/8/14,自營商,0,0,-584355,-584355
2019/8/15,自營商,0,0,-4697768,-4697768
2019/8/16,自營商,0,0,3348491,3348491
2019/8/19,自營商,0,0,1949935,1949935
2019/8/20,自營商,0,0,-4779848,-4779848
2019/8/21,自營商,0,0,-4312857,-4312857
2019/8/22,自營商,0,0,1472784,1472784
2019/8/23,自營商,0,0,-333363,-333363
2019/8/26,自營商,0,0,-3699691,-3699691
2019/8/27,自營商,0,0,1239743,1239743
2019/8/28,自營商,0,0,743674,743674
2019/8/29,自營商,0,0,-706257,-706257
2019/8/30,自營商,0,0,562935,562935
2019/9/2,自營商,0,0,1785647,1785647
2019/9/3,自營商,0,0,-1602429,-1602429
2019/9/4,自營商,0,0,-1446176,-1446176
2019/9/5,自營商,0,0,3995502,3995502
2019/9/6,自營商,0,0,1625166,1625166
2019/9/9,自營商,0,0,162393,162393
2019/9/10,自營商,0,0,568574,568574
2019/9/11,自營商,0,0,4232109,4232109
2019/9/12,自營商,0,0,2548227,2548227
2019/9/16,自營商,0,0,-312750,-312750
2019/9/17,自營商,0,0,793878,793878
2019/9/18,自營商,0,0,-6169650,-6169650
2019/9/19,自營商,0,0,2145286,2145286
2019/9/20,自營商,0,0,902048,902048
2019/9/23,自營商,0,0,2556823,2556823
2019/9/24,自營商,0,0,-394205,-394205
2019/9/25,自營商,0,0,-2535052,-2535052
2019/9/26,自營商,0,0,1961246,1961246
2019/9/27,自營商,0,0,-1208498,-1208498
2019/10/1,自營商,0,0,-843192,-843192
2019/10/2,自營商,0,0,-128805,-128805
2019/10/3,自營商,0,0,-1823321,-1823321
2019/10/4,自營商,0,0,2766857,2766857
2019/10/7,自營商,0,0,3450902,3450902
2019/10/8,自營商,0,0,-4397083,-4397083
2019/10/9,自營商,0,0,4388260,4388260
2019/10/14,自營商,0,0,-3268415,-3268415
2019/10/15,自營商,0,0,4831070,4831070
2019/10/16,自營商,0,0,-4771599,-4771599
2019/10/17,自營商,0,0,2228492,2228492
2019/10/18,自營商,0,0,-1507956,-1507956
2019/10/21,自營商,0,0,2846962,2846962
2019/10/22,自營商,0,0,4235392,4235392
2019/10/23,自營商,0,0,-2896159,-2896159
2019/10/24,自營商,0,0,3056721,3056721
2019/10/25,自營商,0,0,-1307696,-1307696
2019/10/28,自營商,0,0,-1823179,-1823179
2019/10/29,自營商,0,0,-3254909,-3254909
2019/10/30,自營商,0,0,944719,944719
2019/10/31,自營商,0,0,2453517,2453517
2019/11/1,自營商,0,0,1624281,1624281
2019/11/4,自營商,0,0,-3760360,-3760360
2019/11/5,自營商,0,0,80941,80941
2019/11/6,自營商,0,0,988325,988325
2019/11/7,自營商,0,0,-2540301,-2540301
2019/11/8,自營商,0,0,1303244,1303244
2019/11/11,自營商,0,0,-8558007,-8558007
2019/11/12,自營商,0,0,6033817,6033817
2019/11/13,自營商,0,0,499574,499574
2019/11/14,自營商,0,0,-642670,-642670
2019/11/15,自營商,0,0,2582368,2582368
2019/11/18,自營商,0,0,2253708,2253708
2019/11/19,自營商,0,0,2067222,2067222
2019/11/20,自營商,0,0,3752647,3752647
2019/11/21,自營商,0,0,-4070255,-4070255
2019/11/22,自營商,0,0,-1577712,-1577712
2019/11/25,自營商,0,0,-2155174,-2155174
2019/11/26,自營商,0,0,-1890041,-1890041
2019/11/27,自營商,0,0,4989997,4989997
2019/11/28,自營商,0,0,713417,713417
2019/11/29,自營商,0,0,-4909869,-4909869
2019/12/2,自營商,0,0,-1526766,-1526766
2019/12/3,自營商,0,0,-37263,-37263
2019/12/4,自營商,0,0,1095549,1095549
2019/12/5,自營商,0,0,-801544,-801544
2019/12/6,自營商,0,0,-1986421,-1986421
2019/12/9,自營商,0,0,235559,235559
2019/12/10,自營商,0,0,5805386,5805386
2019/12/11,自營商,0,0,2262680,2262680
2019/12/12,自營商,0,0,-1205823,-1205823
2019/12/13,自營商,0,0,2700769,2700769
2019/12/16,自營商,0,0,4543545,4543545
2019/12/17,自營商,0,0,5029374,5029374
2019/12/18,自營商,0,0,7675537,7675537
2019/12/19,自營商,0,0,-2359222,-2359222
2019/12/20,自營商,0,0,-3611106,-3611106
2019/12/23,自營商,0,0,-160706,-160706
2019/12/24,自營商,0,0,-892875,-892875
2019/12/25,自營商,0,0,4538864,4538864
2019/12/26,自營商,0,0,1960458,1960458
2019/12/27,自營商,0,0,-2167248,-2167248
2019/12/30,自營商,0,0,-2010239,-2010239
2019/12/31,自營商,0,0,-2522035,-2522035
2020/1/2,自營商,0,0,5276518,5276518
2020/1/3,自營商,0,0,3228844,3228844
2020/1/6,自營商,0,0,-7452075,-7452075
2020/1/7,自營商,0,0,-1020734,-1020734
2020/1/8,自營商,0,0,-3155132,-3155132
2020/1/9,自營商,0,0,3233284,3233284
2020/1/10,自營商,0,0,2436685,2436685
2020/1/13,自營商,0,0,259933,259933
2020/1/14,自營商,0,0,-993159,-993159
2020/1/15,自營商,0,0,-542657,-542657
2020/1/16,自營商,0,0,1381203,1381203
2020/1/17,自營商,0,0,-174767,-174767
2020/1/20,自營商,0,0,905368,905368
2020/1/30,自營商,0,0,-5064083,-5064083
2020/1/31,自營商,0,0,557544,557544
2020/2/3,自營商,0,0,1803389,1803389
2020/2/4,自營商,0,0,6718633,6718633
2020/2/5,自營商,0,0,-3707199,-3707199
2020/2/6,自營商,0,0,5350502,5350502
2020/2/7,自營商,0,0,-4353213,-4353213
2020/2/10,自營商,0,0,176009,176009
2020/2/11,自營商,0,0,-594456,-594456
2020/2/12,自營商,0,0,5719888,5719888
2020/2/13,自營商,0,0,-3522648,-3522648
2020/2/14,自營商,0,0,-240633,-240633
2020/2/17,自營商,0,0,1516865,1516865
2020/2/18,自營商,0,0,1040654,1040654
2020/2/19,自營商,0,0,3031326,3031326
2020/2/20,自營商,0,0,1436572,1436572
2020/2/21,自營商,0,0,-3931156,-3931156
2020/2/24,自營商,0,0,-1877965,-1877965
2020/2/25,自營商,0,0,2838108,2838108
2020/2/26,自營商,0,0,778396,778396
2020/2/27,自營商,0,0,-5441192,-5441192
2020/3/2,自營商,0,0,672091,672091
2020/3/3,自營商,0,0,-2912031,-2912031
2020/3/4,自營商,0,0,6418563,6418563
2020/3/5,自營商,0,0,2910956,2910956
2020/3/6,自營商,0,0,-2732832,-2732832
2020/3/9,自營商,0,0,-7292993,-7292993
2020/3/10,自營商,0,0,9137612,9137612
2020/3/11,自營商,0,0,-3075851,-3075851
2020/3/12,自營商,0,0,-6197329,-6197329
2020/3/13,自營商,0,0,991785,991785
2020/3/16,自營商,0,0,427922,427922
2020/3/17,自營商,0,0,-5697574,-5697574
2020/3/18,自營商,0,0,-20253544,-20253544
2020/3/19,自營商,0,0,-4618726,-4618726
2020/3/20,自營商,0,0,-766316,-766316
2020/3/23,自營商,0,0,719986,719986
2020/3/24,自營商,0,0,613511,613511
2020/3/25,自營商,0,0,13789533,13789533
2020/3/26,自營商,0,0,2539603,2539603
2020/3/27,自營商,0,0,-1471309,-1471309
2020/3/30,自營商,0,0,1815339,1815339
2020/3/31,自營商,0,0,-81497,-81497
2020/4/1,自營商,0,0,-159412,-159412
2020/4/6,自營商,0,0,700045,700045
2020/4/7,自營商,0,0,-1446121,-1446121
2020/4/8,自營商,0,0,4149818,4149818
2020/4/9,自營商,0,0,450533,450533
2020/4/10,自營商,0,0,-1428885,-1428885
2020/4/13,自營商,0,0,1051154,1051154
2020/4/14,自營商,0,0,3030229,3030229
2020/4/15,自營商,0,0,5098995,5098995
2020/4/16,自營商,0,0,-1092235,-1092235
2020/4/17,自營商,0,0,3252055,3252055
2020/4/20,自營商,0,0,2713916,2713916
2020/4/21,自營商,0,0,-997923,-997923
2020/4/22,自營商,0,0,-1981052,-1981052
2020/4/23,自營商,0,0,2421926,2421926
2020/4/24,自營商,0,0,-2539175,-2539175
2020/4/27,自營商,0,0,-2509710,-2509710
2020/4/28,自營商,0,0,-727753,-727753
2020/4/29,自營商,0,0,-1764574,-1764574
2020/4/30,自營商,0,0,1622876,1622876
2020/5/4,自營商,0,0,-2217116,-2217116
2020/5/5,自營商,0,0,485303,485303
2020/5/6,自營商,0,0,460642,460642
2020/5/7,自營商,0,0,1822602,1822602
2020/5/8,自營商,0,0,-849020,-849020
2020/5/11,自營商,0,0,-1096180,-1096180
2020/5/12,自營商,0,0,958879,958879
2020/5/13,自營商,0,0,-288016,-288016
2020/5/14,自營商,0,0,-1518939,-1518939
2020/5/15,自營商,0,0,23835,23835
2020/5/18,自營商,0,0,1349424,1349424
2020/5/19,自營商,0,0,-2933128,-2933128
2020/5/20,自營商,0,0,2441744,2441744
2020/5/21,自營商,0,0,2851164,2851164
2020/5/22,自營商,0,0,1100950,1100950
2020/5/25,自營商,0,0,-2896882,-2896882
2020/5/26,自營商,0,0,-1587872,-1587872
2020/5/27,自營商,0,0,-94790,-94790
2020/5/28,自營商,0,0,-271924,-271924
2020/5/29,自營商,0,0,235944,235944
2020/6/1,自營商,0,0,-3485379,-3485379
2020/6/2,自營商,0,0,522488,522488
2020/6/3,自營商,0,0,-2199313,-2199313
2020/6/4,自營商,0,0,-1082745,-1082745
2020/6/5,自營商,0,0,741052,741052
2020/6/8,自營商,0,0,-2771520,-2771520
2020/6/9,自營商,0,0,1448046,1448046
2020/6/10,自營商,0,0,2132546,2132546
2020/6/11,自營商,0,0,-904416,-904416
2020/6/12,自營商,0,0,1493932,1493932
2020/6/15,自營商,0,0,-922911,-922911
2020/6/16,自營商,0,0,-3138427,-3138427
2020/6/17,自營商,0,0,-5015761,-5015761
2020/6/18,自營商,0,0,836365,836365
2020/6/19,自營商,0,0,-484150,-484150
2020/6/22,自營商,0,0,1795275,1795275
2020/6/23,自營商,0,0,336369,336369
2020/6/24,自營商,0,0,-2294220,-2294220
2020/6/29,自營商,0,0,3523004,3523004
2020/6/30,自營商,0,0,715945,715945
2020/7/1,自營商,0,0,-2693388,-2693388
2020/7/2,自營商,0,0,1436596,1436596
2020/7/3,自營商,0,0,-2591879,-2591879
2020/7/6,自營商,0,0,-2260255,-2260255
2020/7/7,自營商,0,0,1625690,1625690
2020/7/8,自營商,0,0,1530435,1530435
2020/7/9,自營商,0,0,3716055,3716055
2020/7/10,自營商,0,0,-4807421,-4807421
2020/7/13,自營商,0,0,4522913,4522913
2020/7/14,自營商,0,0,2760021,2760021
2020/7/15,自營商,0,0,-2558382,-2558382
2020/7/16,自營商,0,0,3847816,3847816
2020/7/17,自營商,0,0,-1604085,-1604085
2020/7/20,自營商,0,0,4121945,4121945
2020/7/21,自營商,0,0,820880,820880
2020/7/22,自營商,0,0,-3581587,-3581587
2020/7/23,自營商,0,0,7830780,7830780
2020/7/24,自營商,0,0,-2437162,-2437162
2020/7/27,自營商,0,0,-412243,-412243
2020/7/28,自營商,0,0,-4451577,-4451577
2020/7/29,自營商,0,0,-2442868,-2442868
2020/7/30,自營商,0,0,2705476,2705476
2020/7/31,自營商,0,0,-1224640,-1224640
2020/8/3,自營商,0,0,5899936,5899936
2020/8/4,自營商,0,0,-1027973,-1027973
2020/8/5,自營商,0,0,-3722532,-3722532
2020/8/6,自營商,0,0,873021,873021
2020/8/7,自營商,0,0,1199926,1199926
2020/8/10,自營商,0,0,-2424778,-2424778
2020/8/11,自營商,0,0,-2167504,-2167504
2020/8/12,自營商,0,0,2596201,2596201
2020/8/13,自營商,0,0,523023,523023
2020/8/14,自營商,0,0,4026924,4026924
2020/8/17,自營商,0,0,-2944619,-2944619
2020/8/18,自營商,0,0,2903834,2903834
2020/8/19,自營商,0,0,153891,153891
2020/8/20,自營商,0,0,6179535,6179535
2020/8/21,自營商,0,0,-3156978,-3156978
2020/8/24,自營商,0,0,-2218430,-2218430
2020/8/25,自營商,0,0,-2170464,-2170464
2020/8/26,自營商,0,0,-209900,-209900
2020/8/27,自營商,0,0,90868,90868
2020/8/28,自營商,0,0,4472765,4472765
2020/8/31,自營商,0,0,-2366074,-2366074
2020/9/1,自營商,0,0,910367,910367
2020/9/2,自營商,0,0,1020464,1020464
2020/9/3,自營商,0,0,-2428153,-2428153
2020/9/4,自營商,0,0,-945575,-945575
2020/9/7,自營商,0,0,-3429345,-3429345
2020/9/8,自營商,0,0,-235506,-235506
2020/9/9,自營商,0,0,2296816,2296816
2020/9/10,自營商,0,0,-968720,-968720
2020/9/11,自營商,0,0,4670400,4670400
2020/9/14,自營商,0,0,2501704,2501704
2020/9/15,自營商,0,0,3104474,3104474
2020/9/16,自營商,0,0,1647719,1647719
2020/9/17,自營商,0,0,7063537,7063537
2020/9/18,自營商,0,0,579538,579538
2020/9/21,自營商,0,0,4854247,4854247
2020/9/22,自營商,0,0,3208995,3208995
2020/9/23,自營商,0,0,-4544831,-4544831
2020/9/24,自營商,0,0,1675361,1675361
2020/9/25,自營商,0,0,-2671087,-2671087
2020/9/28,自營商,0,0,-1176286,-1176286
2020/9/29,自營商,0,0,-2798740,-2798740
2020/9/30,自營商,0,0,-4248784,-4248784
2020/10/5,自營商,0,0,2613430,2613430
2020/10/6,自營商,0,0,-767212,-767212
2020/10/7,自營商,0,0,612173,612173
2020/10/8,自營商,0,0,-829236,-829236
2020/10/12,自營商,0,0,1107186,1107186
2020/10/13,自營商,0,0,1630649,1630649
2020/10/14,自營商,0,0,-2380131,-2380131
2020/10/15,自營商,0,0,7883956,7883956
2020/10/16,自營商,0,0,-2280739,-2280739
2020/10/19,自營商,0,0,331366,331366
2020/10/20,自營商,0,0,4428182,4428182
2020/10/21,自營商,0,0,-5457840,-5457840
2020/10/22,自營商,0,0,1544878,1544878
2020/10/23,自營商,0,0,880714,880714
2020/10/26,自營商,0,0,-4954256,-4954256
2020/10/27,自營商,0,0,3552514,3552514
2020/10/28,自營商,0,0,-332902,-332902
2020/10/29,自營商,0,0,977912,977912
2020/10/30,自營商,0,0,5939282,5939282
2020/11/2,自營商,0,0,1681707,1681707
2020/11/3,自營商,0,0,-3335915,-3335915
2020/11/4,自營商,0,0,4311646,4311646
2020/11/5,自營商,0,0,-1853779,-1853779
2020/11/6,自營商,0,0,-6745890,-6745890
2020/11/9,自營商,0,0,150799,150799
2020/11/10,自營商,0,0,2087549,2087549
2020/11/11,自營商,0,0,4145449,4145449
2020/11/12,自營商,0,0,-2986532,-2986532
2020/11/13,自營商,0,0,3347631,3347631
2020/11/16,自營商,0,0,1553216,1553216
2020/11/17,自營商,0,0,7467349,7467349
2020/11/18,自營商,0,0,-5253844,-5253844
2020/11/19,自營商,0,0,1673624,1673624
2020/11/20,自營商,0,0,-585712,-585712
2020/11/23,自營商,0,0,792260,792260
2020/11/24,自營商,0,0,-2897050,-2897050
2020/11/25,自營商,0,0,-5640515,-5640515
2020/11/26,自營商,0,0,-275814,-275814
2020/11/27,自營商,0,0,1590923,1590923
2020/11/30,自營商,0,0,7269718,7269718
2020/12/1,自營商,0,0,-2927266,-2927266
2020/12/2,自營商,0,0,723119,723119
2020/12/3,自營商,0,0,1745826,1745826
2020/12/4,自營商,0,0,840505,840505
2020/12/7,自營商,0,0,4684466,4684466
2020/12/8,自營商,0,0,-951950,-951950
2020/12/9,自營商,0,0,4489166,4489166
2020/12/10,自營商,0,0,-2333,-2333
2020/12/11,自營商,0,0,3539685,3539685
2020/12/14,自營商,0,0,3292057,3292057
2020/12/15,自營商,0,0,1795111,1795111
2020/12/16,自營商,0,0,-12885916,-12885916
2020/12/17,自營商,0,0,4525677,4525677
2020/12/18,自營商,0,0,-1931929,-1931929
2020/12/21,自營商,0,0,2236613,2236613
2020/12/22,自營商,0,0,-2134952,-2134952
2020/12/23,自營商,0,0,-1793292,-1793292
2020/12/24,自營商,0,0,-777098,-777098
2020/12/25,自營商,0,0,3552175,3552175
2020/12/28,自營商,0,0,2077581,2077581
2020/12/29,自營商,0,0,2579124,2579124
2020/12/30,自營商,0,0,-4897269,-4897269
2020/12/31,自營商,0,0,5356917,5356917
2021/1/4,自營商,0,0,3468778,3468778
2021/1/5,自營商,0,0,3264929,3264929
2021/1/6,自營商,0,0,-400661,-400661
2021/1/7,自營商,0,0,4504562,4504562
2021/1/8,自營商,0,0,-3167469,-3167469
2021/1/11,自營商,0,0,2760525,2760525
2021/1/12,自營商,0,0,-1006527,-1006527
2021/1/13,自營商,0,0,991106,991106
2021/1/14,自營商,0,0,2879447,2879447
2021/1/15,自營商,0,0,-3883876,-3883876
2021/1/18,自營商,0,0,4665343,4665343
2021/1/19,自營商,0,0,-43663,-43663
2021/1/20,自營商,0,0,-904947,-904947
2021/1/21,自營商,0,0,3567818,3567818
2021/1/22,自營商,0,0,604777,604777
2021/1/25,自營商,0,0,-37024,-37024
2021/1/26,自營商,0,0,-1677002,-1677002
2021/1/27,自營商,0,0,-4810805,-4810805
2021/1/28,自營商,0,0,-1122889,-1122889
2021/1/29,自營商,0,0,-2507292,-2507292
2021/2/1,自營商,0,0,1977084,1977084
2021/2/2,自營商,0,0,-1341391,-1341391
2021/2/3,自營商,0,0,6287857,6287857
2021/2/4,自營商,0,0,-754267,-754267
2021/2/5,自營商,0,0,760161,760161
2021/2/17,自營商,0,0,-2444371,-2444371
2021/2/18,自營商,0,0,-231638,-231638
2021/2/19,自營商,0,0,-543646,-543646
2021/2/22,自營商,0,0,1718138,1718138
2021/2/23,自營商,0,0,-863455,-863455
2021/2/24,自營商,0,0,-4104608,-4104608
2021/2/25,自營商,0,0,2786662,2786662
2021/2/26,自營商,0,0,-1904955,-1904955
2021/3/2,自營商,0,0,-230657,-230657
2021/3/3,自營商,0,0,-795296,-795296
2021/3/4,自營商,0,0,-1372606,-1372606
2021/3/5,自營商,0,0,516459,516459
2021/3/8,自營商,0,0,-264193,-264193
2021/3/9,自營商,0,0,907075,907075
2021/3/10,自營商,0,0,1446826,1446826
2021/3/11,自營商,0,0,2839152,2839152
2021/3/12,自營商,0,0,4852409,4852409
2021/3/15,自營商,0,0,207828,207828
2021/3/16,自營商,0,0,-3516368,-3516368
2021/3/17,自營商,0,0,5268777,5268777
2021/3/18,自營商,0,0,-3523633,-3523633
2021/3/19,自營商,0,0,659376,659376
2021/3/22,自營商,0,0,-3213633,-3213633
2021/3/23,自營商,0,0,5504870,5504870
2021/3/24,自營商,0,0,-1658274,-1658274
2021/3/25,自營商,0,0,-775410,-775410
2021/3/26,自營商,0,0,3337634,3337634
2021/3/29,自營商,0,0,-1629789,-1629789
2021/3/30,自營商,0,0,-1331141,-1331141
2021/3/31,自營商,0,0,-1353446,-1353446
2021/4/1,自營商,0,0,-882130,-882130
2021/4/6,自營商,0,0,-3911025,-3911025
2021/4/7,自營商,0,0,3099790,3099790
2021/4/8,自營商,0,0,-66535,-66535
2021/4/9,自營商,0,0,-3253263,-3253263
2021/4/12,自營商,0,0,-1234815,-1234815
2021/4/13,自營商,0,0,2268974,2268974
2021/4/14,自營商,0,0,2216710,2216710
2021/4/15,自營商,0,0,1711768,1711768
2021/4/16,自營商,0,0,1284897,1284897
2021/4/19,自營商,0,0,-6654920,-6654920
2021/4/20,自營商,0,0,3596183,3596183
2021/4/21,自營商,0,0,-5472322,-5472322
2021/4/22,自營商,0,0,-1957191,-1957191
2021/4/23,自營商,0,0,30270,30270
2021/4/26,自營商,0,0,-1770569,-1770569
2021/4/27,自營商,0,0,3172474,3172474
2021/4/28,自營商,0,0,63422,63422
2021/4/29,自營商,0,0,1334305,1334305
